{
  "id": "",
  "name": "",
  "font_family": "iconfont",
  "css_prefix_text": "icon-",
  "description": "",
  "glyphs": [
    {
      "icon_id": "77156",
      "name": "微信",
      "font_class": "weixin",
      "unicode": "f0106",
      "unicode_decimal": 983302
    },
    {
      "icon_id": "4936984",
      "name": "QQ",
      "font_class": "QQ",
      "unicode": "e882",
      "unicode_decimal": 59522
    },
    {
      "icon_id": "4936987",
      "name": "weibo",
      "font_class": "weibo",
      "unicode": "e883",
      "unicode_decimal": 59523
    },
    {
      "icon_id": "5387553",
      "name": "搜索",
      "font_class": "sousuo",
      "unicode": "eafe",
      "unicode_decimal": 60158
    }
  ]
}
